{
  "train_loss": [
    1.294450615133558,
    1.2500155142375402,
    1.2252822518348694,
    1.2258813210896082,
    1.2421071444238936,
    1.233030685356685,
    1.2269709365708488,
    1.2341011762619019,
    1.2238701241356986,
    1.2153591428484236,
    1.2347733463559831,
    1.2389706884111678,
    1.230043155806405,
    1.2551867365837097
  ],
  "val_loss": [
    1.2645163138707478,
    1.2504821221033733,
    1.2502707242965698,
    1.2456387281417847,
    1.2578758398691814,
    1.2417091131210327,
    1.2423009077707927,
    1.2416904369990032,
    1.2414148251215618,
    1.2414263884226482,
    1.2623474597930908,
    1.254683256149292,
    1.2502150138219197,
    1.2435752550760906
  ],
  "epoch_time": [
    84.06277084350586,
    125.0094792842865,
    56.37561631202698,
    65.40685319900513,
    64.5280544757843,
    61.64174222946167,
    66.41639375686646,
    64.39423727989197,
    55.40114951133728,
    55.87260365486145,
    59.28282880783081,
    64.72788071632385,
    50.37037515640259,
    54.984522104263306
  ],
  "lr": [
    0.00029265847744427303,
    0.0002713525491562421,
    0.00023816778784387094,
    0.0001963525491562421,
    0.00015,
    0.0001036474508437579,
    6.183221215612904e-05,
    2.8647450843757897e-05,
    7.34152255572697e-06,
    0.0003,
    0.00029815325108927063,
    0.00029265847744427303,
    0.00028365097862825513,
    0.0002713525491562421
  ],
  "val_accuracy": [
    0.4666666666666667,
    0.3111111111111111,
    0.4666666666666667
  ],
  "val_f1": [
    0.12727272727272726,
    0.09491525423728814,
    0.12727272727272726
  ],
  "val_auc": [
    0.5630126095575451,
    0.6858505333625016,
    0.7010517200696199
  ],
  "val_ece": [
    0.04405101074112783,
    0.10895702656772399,
    0.07888522860076691
  ]
}