{
  "train_loss": [
    1.1647846590388904,
    1.1628300168297507,
    1.1626199321313337,
    1.0406331785700538,
    0.9285044263709675,
    0.8715329698540948,
    0.829015311869708,
    0.7842959395863793,
    0.7888658290559595,
    0.7730736109343442,
    0.7515738294883207,
    0.745326426896182,
    0.7247462259097532,
    0.7271939380602404,
    0.7338627725839615,
    0.7194114747372541,
    0.7201004448262128,
    0.7067224532365799,
    0.7062003300948576,
    0.7113148089159619,
    0.7058226547457955,
    0.7157510193911466,
    0.6862222660671581,
    0.6821760223670439,
    0.6849074106324803,
    0.6787422610954805,
    0.678036627444354,
    0.6717794266614047,
    0.6649387702345848,
    0.6641739010810852,
    0.6686894812367179,
    0.6744733805006201,
    0.6614166891032999,
    0.6582919298247858,
    0.6554105322469365,
    0.6419481140646067,
    0.6368096436966549,
    0.6327440948648886,
    0.641716289926659,
    0.6408646472475745,
    0.6362642090428959,
    0.61246327243068,
    0.607160893353549,
    0.6182581098242239,
    0.5962634398178621,
    0.5959871770306067,
    0.603193228895014,
    0.5967949093742804,
    0.6055532165549018,
    0.5845325033773076,
    0.5876039571382783,
    0.5842984135855328,
    0.5882917805151506,
    0.588484029200944,
    0.5772687447342005,
    0.5742560130628672,
    0.5798545940355821,
    0.5698121752251278,
    0.569871345704252,
    0.5686059323224154,
    0.569145602258769,
    0.5662031160159544,
    0.5632159208709543,
    0.5701715634627775
  ],
  "val_loss": [
    1.624448573589325,
    1.6531725645065307,
    1.6575117468833924,
    1.3641010403633118,
    1.3314287662506104,
    1.1439290404319764,
    1.4092716217041015,
    1.234325110912323,
    1.0794377088546754,
    1.0471419930458068,
    1.1389427661895752,
    1.0262965440750123,
    1.0587351679801942,
    1.0604244709014892,
    0.9875585734844208,
    1.0876980900764466,
    1.02202450633049,
    1.0194037556648254,
    0.9839815855026245,
    1.0072878777980805,
    0.9719834208488465,
    0.937828528881073,
    0.9873437285423279,
    0.9678945481777191,
    1.020011019706726,
    0.946381014585495,
    0.98065544962883,
    0.9446652114391327,
    0.9291848599910736,
    0.9800594449043274,
    0.9027741432189942,
    1.0086542606353759,
    0.9012881219387054,
    0.9182055711746215,
    0.9107455670833587,
    0.8876966297626495,
    0.8951503336429596,
    0.913117092847824,
    0.8828161656856537,
    0.888034188747406,
    0.8694073498249054,
    0.8768868088722229,
    0.8859340608119964,
    0.8446570634841919,
    0.798304271697998,
    0.8684938073158264,
    0.8488853096961975,
    0.8375681459903717,
    0.7871053576469421,
    0.8554100036621094,
    0.8664236545562745,
    0.784869909286499,
    0.847725796699524,
    0.8629905045032501,
    0.820383483171463,
    0.8026378929615021,
    0.8064485728740692,
    0.804466849565506,
    0.8499846637248993,
    0.8000582456588745,
    0.7983648419380188,
    0.8262475073337555,
    0.8548684358596802,
    0.8034065127372741
  ],
  "epoch_time": [
    24.707726001739502,
    24.56612277030945,
    24.470611572265625,
    24.593562126159668,
    23.810357809066772,
    23.96681046485901,
    23.979599952697754,
    23.863141536712646,
    24.139551401138306,
    23.99232769012451,
    23.776660680770874,
    24.13580298423767,
    24.746498823165894,
    24.293735027313232,
    24.42038631439209,
    24.102152347564697,
    24.029227256774902,
    24.11679220199585,
    23.997440099716187,
    24.06002116203308,
    23.869287490844727,
    24.051105976104736,
    24.08685541152954,
    23.83729076385498,
    24.614848375320435,
    24.507652521133423,
    24.271419525146484,
    24.336469888687134,
    23.859118223190308,
    24.504660844802856,
    24.124088287353516,
    24.101795434951782,
    24.038872957229614,
    23.93633770942688,
    24.054502964019775,
    24.1335391998291,
    24.157429456710815,
    24.353939533233643,
    24.23688530921936,
    23.72641372680664,
    24.063799381256104,
    24.081400632858276,
    23.91983699798584,
    24.393645763397217,
    24.657642126083374,
    24.65768837928772,
    25.381798267364502,
    24.80191922187805,
    25.05167293548584,
    24.912125825881958,
    24.870756149291992,
    24.61359477043152,
    24.586424827575684,
    24.871113777160645,
    24.459463119506836,
    32.822710275650024,
    70.57478260993958,
    71.82216787338257,
    71.71266651153564,
    70.9330723285675,
    71.15883111953735,
    67.85617136955261,
    66.59511065483093,
    67.39899325370789
  ],
  "lr": [
    5.9999999999999995e-05,
    0.00011999999999999999,
    0.00017999999999999998,
    0.00023999999999999998,
    0.0003,
    0.00029992968485211674,
    0.0002997188088010287,
    0.0002993675799559389,
    0.0002988763449373131,
    0.0002982455885348071,
    0.0002974759332288381,
    0.0002965681385762715,
    0.0002955231004608299,
    0.00029434185020896437,
    0.0002930255535720594,
    0.00029157550957597714,
    0.00028999314923907585,
    0.0002882800341599673,
    0.0002864378549764078,
    0.00028446842969684247,
    0.0002823737019062506,
    0.000280155738848062,
    0.00027781672938403723,
    0.00027535898183412514,
    0.00027278492169843007,
    0.0002700970892635359,
    0.00026729813709555,
    0.00026439082742234053,
    0.0002613780294075512,
    0.0002582627163190831,
    0.0002550479625948382,
    0.0002517369408086205,
    0.0002483329185391884,
    0.0002448392551455493,
    0.0002412593984516776,
    0.0002375968813439288,
    0.0002338553182845072,
    0.0002300384017444281,
    0.00022614989855949464,
    0.00022219364621288564,
    0.00021817354904802308,
    0.0002140935744154565,
    0.00020995774875756694,
    0.00020577015363495434,
    0.00020153492169843032,
    0.0001972562326105905,
    0.00019293830892099211,
    0.00018858541189900764,
    0.0001842018373284661,
    0.00017979191126823324,
    0.00017535998578291373,
    0.00017091043464788862,
    0.00016644764903292751,
    0.00016197603316863362,
    0.00015750000000000036,
    0.0001530239668313671,
    0.0001485523509670732,
    0.00014408956535211204,
    0.000139640014217087,
    0.00013520808873176743,
    0.00013079816267153456,
    0.00012641458810099302,
    0.00012206169107900847,
    0.00011774376738941011
  ],
  "val_accuracy": [
    0.135,
    0.09666666666666666,
    0.30666666666666664,
    0.3516666666666667,
    0.445,
    0.56,
    0.465,
    0.5,
    0.635,
    0.6433333333333333,
    0.5783333333333334,
    0.6933333333333334,
    0.7,
    0.6916666666666667,
    0.73,
    0.6383333333333333,
    0.6983333333333334,
    0.6916666666666667,
    0.74,
    0.72,
    0.745,
    0.7683333333333333,
    0.72,
    0.7466666666666667,
    0.6883333333333334,
    0.7766666666666666,
    0.7216666666666667,
    0.77,
    0.785,
    0.745,
    0.8016666666666666,
    0.7166666666666667,
    0.8066666666666666,
    0.795,
    0.815,
    0.8066666666666666,
    0.8166666666666667,
    0.7816666666666666,
    0.825,
    0.8066666666666666,
    0.82,
    0.7933333333333333,
    0.7966666666666666,
    0.825,
    0.8383333333333334,
    0.7916666666666666,
    0.82,
    0.8183333333333334,
    0.8466666666666667,
    0.815,
    0.8166666666666667,
    0.8516666666666667,
    0.8216666666666667,
    0.8216666666666667,
    0.8283333333333334,
    0.8383333333333334,
    0.8333333333333334,
    0.845,
    0.82,
    0.845,
    0.8433333333333334,
    0.8266666666666667,
    0.8283333333333334,
    0.8433333333333334
  ],